type_school,school_accreditation,gender,interest,residence,parent_age,parent_salary,average_grades,parent_was_in_college,will_go_to_college
Academic,A,Male,Less Interested,Urban,56,6950000,84.09,FALSE,1
Academic,A,Male,Less Interested,Urban,57,4410000,86.91,FALSE,1
Academic,B,Female,Very Interested,Urban,50,6500000,87.43,FALSE,1
Vocational,B,Male,Very Interested,Rural,49,6600000,82.12,TRUE,1
Academic,A,Female,Very Interested,Urban,57,5250000,86.79,FALSE,0
Vocational,B,Female,Less Interested,Rural,48,3770000,86.79,TRUE,0
Academic,A,Male,Very Interested,Rural,52,6680000,90.39,TRUE,1
Academic,B,Male,Very Interested,Rural,53,5890000,84.65,TRUE,0
Academic,B,Female,Uncertain,Rural,52,6730000,88.5,TRUE,1
Academic,B,Female,Very Interested,Rural,47,3880000,85.43,TRUE,0
Vocational,A,Male,Not Interested,Rural,57,5680000,89.45,TRUE,0
Vocational,B,Male,Uncertain,Rural,48,5950000,84.96,TRUE,0
Vocational,B,Male,Uncertain,Rural,47,6930000,86.23,TRUE,0
Academic,B,Male,Very Interested,Rural,53,7130000,91.92,TRUE,1
Academic,A,Male,Very Interested,Urban,51,3370000,84.09,FALSE,0
Vocational,A,Female,Less Interested,Urban,53,6940000,89.71,TRUE,1
Academic,B,Male,Very Interested,Rural,48,3970000,86.38,TRUE,0
Vocational,B,Female,Very Interested,Rural,49,6790000,85.68,TRUE,0
Vocational,A,Female,Less Interested,Rural,47,7180000,84.9,FALSE,0
Vocational,B,Female,Very Interested,Rural,47,4090000,85.94,TRUE,0
Vocational,B,Female,Very Interested,Urban,52,6680000,87.64,TRUE,1
Academic,B,Female,Interested,Urban,56,2600000,86.5,TRUE,0
Academic,A,Female,Very Interested,Urban,51,3900000,83.18,FALSE,0
Academic,B,Female,Interested,Urban,60,4250000,83.99,FALSE,0
Academic,B,Male,Very Interested,Urban,54,6400000,88.3,FALSE,1
Vocational,A,Male,Not Interested,Urban,51,5760000,83.42,FALSE,1
Vocational,B,Male,Very Interested,Rural,55,4950000,85.39,TRUE,0
Vocational,A,Male,Uncertain,Urban,53,4720000,82.26,FALSE,1
Vocational,B,Male,Not Interested,Rural,51,4890000,87.36,TRUE,0
Vocational,B,Female,Uncertain,Rural,50,6450000,85.86,TRUE,0
Vocational,A,Male,Very Interested,Rural,49,6470000,86.32,TRUE,1
Vocational,B,Male,Less Interested,Urban,54,5080000,82.39,TRUE,0
Academic,A,Male,Very Interested,Urban,60,3230000,85.96,FALSE,0
Academic,B,Male,Less Interested,Rural,52,6130000,82.7,TRUE,0
Vocational,A,Female,Very Interested,Rural,52,5700000,85.31,TRUE,1
Academic,A,Female,Very Interested,Urban,53,5900000,88.96,FALSE,1
Academic,A,Male,Uncertain,Urban,55,6610000,89.83,FALSE,1
Vocational,A,Female,Very Interested,Rural,48,5940000,83.67,TRUE,0
Academic,A,Male,Less Interested,Urban,54,7310000,83.57,FALSE,0
Vocational,B,Female,Not Interested,Rural,53,4660000,86.73,TRUE,0
Academic,A,Female,Not Interested,Urban,50,5630000,80.5,FALSE,1
Academic,B,Female,Less Interested,Urban,53,3970000,88.49,TRUE,0
Vocational,B,Female,Very Interested,Urban,53,5550000,83.74,TRUE,1
Vocational,A,Female,Very Interested,Rural,52,6680000,89.35,TRUE,1
Vocational,A,Female,Very Interested,Urban,50,5570000,83.55,FALSE,1
Academic,A,Male,Uncertain,Urban,50,2660000,79.92,TRUE,0
Academic,A,Female,Uncertain,Rural,51,4720000,84.81,TRUE,0
Vocational,A,Male,Very Interested,Urban,55,4740000,90.49,FALSE,1
Academic,A,Female,Uncertain,Rural,54,7260000,89.02,TRUE,1
Vocational,A,Male,Uncertain,Rural,53,5570000,88.42,FALSE,0
Vocational,A,Male,Very Interested,Rural,46,7460000,90.78,TRUE,1
Vocational,A,Male,Less Interested,Urban,56,6110000,87.56,FALSE,1
Vocational,B,Female,Uncertain,Rural,51,5930000,92.53,TRUE,1
Academic,B,Female,Less Interested,Urban,51,3850000,84.37,FALSE,0
Vocational,B,Male,Uncertain,Rural,51,6540000,88.19,TRUE,0
Vocational,A,Male,Very Interested,Urban,55,4880000,93.05,FALSE,1
Vocational,A,Male,Uncertain,Rural,55,4590000,94.03,TRUE,1
Vocational,A,Male,Uncertain,Rural,47,6390000,84.25,TRUE,0
Academic,A,Female,Interested,Urban,46,7610000,83.17,FALSE,0
Academic,A,Male,Very Interested,Urban,55,3760000,91.15,TRUE,1
Academic,A,Female,Not Interested,Rural,49,6220000,82.48,TRUE,1
Academic,B,Male,Less Interested,Rural,49,6210000,83.72,FALSE,0
Vocational,A,Male,Not Interested,Urban,51,4800000,79.17,FALSE,1
Vocational,A,Female,Very Interested,Rural,48,5840000,85.51,TRUE,0
Academic,A,Male,Interested,Urban,55,5610000,82.49,FALSE,0
Vocational,A,Male,Less Interested,Urban,54,5620000,86,FALSE,1
Vocational,B,Male,Uncertain,Rural,52,6300000,86.73,TRUE,0
Academic,A,Male,Very Interested,Urban,52,4740000,84.78,FALSE,0
Vocational,A,Male,Not Interested,Rural,51,5720000,86.89,TRUE,1
Vocational,A,Female,Very Interested,Rural,53,6200000,89.19,TRUE,1
Academic,A,Female,Very Interested,Urban,53,5570000,88.92,FALSE,1
Vocational,B,Male,Uncertain,Rural,49,6700000,87.54,TRUE,0
Academic,B,Female,Very Interested,Rural,47,4100000,83.24,TRUE,0
Academic,A,Female,Less Interested,Urban,57,3200000,84.93,FALSE,0
Vocational,B,Male,Not Interested,Rural,54,7570000,93.57,TRUE,1
Vocational,B,Female,Interested,Urban,55,4200000,84.02,FALSE,0
Academic,B,Male,Uncertain,Urban,57,4500000,80.55,FALSE,1
Vocational,A,Male,Very Interested,Rural,54,5750000,88.87,FALSE,1
Academic,B,Male,Uncertain,Rural,50,8390000,89.21,TRUE,1
Academic,A,Male,Very Interested,Urban,52,6550000,91.17,FALSE,1
Academic,B,Female,Very Interested,Urban,54,4730000,82.52,FALSE,0
Vocational,B,Male,Uncertain,Rural,50,5540000,85.88,TRUE,0
Academic,B,Male,Less Interested,Urban,58,5030000,82.39,FALSE,1
Vocational,A,Male,Uncertain,Urban,52,5920000,86.2,FALSE,1
Academic,A,Female,Interested,Urban,56,3990000,84.48,FALSE,0
Vocational,B,Female,Interested,Urban,56,5280000,88.38,FALSE,0
Vocational,A,Male,Less Interested,Urban,55,6090000,89.31,TRUE,1
Vocational,A,Male,Less Interested,Urban,51,7040000,87.37,TRUE,1
Vocational,A,Female,Very Interested,Urban,52,5420000,83.14,FALSE,1
Vocational,A,Male,Very Interested,Urban,53,5510000,83.7,FALSE,1
Academic,A,Female,Less Interested,Urban,55,4740000,87.56,FALSE,0
Vocational,B,Male,Interested,Urban,54,3240000,81.7,FALSE,0
Vocational,A,Male,Interested,Urban,60,6650000,92.76,FALSE,1
Academic,B,Male,Less Interested,Urban,52,4070000,85.08,TRUE,0
Vocational,B,Male,Very Interested,Rural,41,9110000,91.7,TRUE,1
Academic,B,Female,Very Interested,Rural,49,7480000,87.4,TRUE,1
Vocational,A,Male,Uncertain,Rural,48,5740000,83.28,FALSE,0
Vocational,A,Female,Very Interested,Urban,54,6020000,87.17,TRUE,1
Academic,B,Female,Very Interested,Rural,51,6460000,84.75,TRUE,1
Vocational,A,Male,Uncertain,Rural,52,5610000,83.73,FALSE,1
Academic,A,Female,Uncertain,Urban,52,3520000,82.44,FALSE,0
Academic,A,Male,Very Interested,Urban,55,3100000,84.05,FALSE,0
Vocational,A,Male,Uncertain,Rural,52,5570000,85.81,FALSE,1
Academic,A,Female,Less Interested,Rural,51,5050000,84.28,FALSE,0
Academic,A,Female,Very Interested,Urban,52,5430000,90.54,FALSE,1
Vocational,A,Female,Uncertain,Rural,53,4760000,85.77,TRUE,0
Vocational,A,Female,Very Interested,Rural,49,6370000,85.37,TRUE,1
Academic,B,Male,Very Interested,Rural,54,5840000,88.18,TRUE,1
Academic,A,Male,Less Interested,Urban,59,4370000,84.01,FALSE,0
Academic,A,Male,Interested,Urban,57,6090000,83.5,FALSE,0
Vocational,A,Male,Uncertain,Rural,51,5200000,86.62,TRUE,0
Academic,B,Female,Less Interested,Urban,52,2960000,86.99,TRUE,0
Academic,B,Male,Less Interested,Rural,52,8160000,93.55,TRUE,1
Vocational,B,Female,Interested,Urban,52,4540000,84.98,TRUE,0
Academic,B,Female,Very Interested,Rural,49,7790000,87.53,TRUE,1
Vocational,A,Male,Less Interested,Rural,43,7510000,84.64,FALSE,0
Vocational,A,Male,Uncertain,Rural,50,6030000,86.34,FALSE,0
Academic,A,Male,Very Interested,Rural,53,4260000,89.55,FALSE,0
Vocational,B,Female,Less Interested,Urban,60,4720000,83.62,FALSE,1
Vocational,B,Male,Not Interested,Rural,55,2920000,85.43,TRUE,0
Vocational,B,Female,Interested,Urban,49,4150000,81.91,TRUE,0
Academic,B,Male,Uncertain,Rural,48,7700000,88.34,TRUE,1
Academic,B,Female,Very Interested,Rural,52,6710000,88.17,TRUE,1
Vocational,B,Female,Not Interested,Rural,46,6650000,83.72,TRUE,1
Academic,B,Female,Less Interested,Urban,56,6990000,89.74,TRUE,1
Academic,A,Female,Less Interested,Urban,54,5230000,82.32,FALSE,0
Academic,B,Male,Not Interested,Rural,46,7200000,92.99,TRUE,1
Academic,B,Male,Less Interested,Urban,50,3430000,84.1,FALSE,0
Vocational,B,Male,Not Interested,Rural,50,4850000,93.53,TRUE,1
Academic,B,Male,Less Interested,Urban,53,3510000,85.29,TRUE,0
Vocational,B,Female,Very Interested,Rural,55,5650000,84.81,FALSE,0
Academic,A,Female,Uncertain,Rural,46,2780000,79.02,TRUE,0
Vocational,B,Male,Uncertain,Rural,53,6380000,88.18,TRUE,1
Vocational,B,Male,Interested,Rural,50,5070000,85.72,TRUE,0
Academic,B,Female,Uncertain,Rural,50,4410000,96.56,TRUE,1
Vocational,B,Male,Uncertain,Rural,49,4190000,83.54,TRUE,0
Academic,B,Female,Very Interested,Urban,53,4930000,92.08,TRUE,1
Academic,A,Female,Very Interested,Urban,49,4100000,83.16,FALSE,0
Academic,A,Female,Less Interested,Urban,53,4510000,81.87,FALSE,0
Academic,A,Male,Interested,Urban,53,3320000,83.62,FALSE,0
Vocational,A,Male,Very Interested,Rural,54,5890000,88.55,FALSE,1
Academic,A,Female,Interested,Urban,58,4950000,83.52,FALSE,0
Vocational,A,Male,Less Interested,Rural,48,8120000,82.45,FALSE,0
Academic,A,Female,Uncertain,Rural,47,6360000,82.23,TRUE,1
Vocational,B,Female,Uncertain,Rural,53,3980000,84.13,TRUE,0
Academic,B,Male,Very Interested,Rural,50,6460000,86.48,TRUE,1
Vocational,A,Female,Uncertain,Rural,49,5710000,82.02,TRUE,1
Academic,B,Female,Less Interested,Urban,56,5670000,83.71,FALSE,0
Vocational,B,Female,Uncertain,Rural,42,8080000,89.39,TRUE,1
Academic,B,Female,Less Interested,Urban,49,4840000,85.81,TRUE,0
Academic,B,Female,Uncertain,Rural,48,5020000,92.47,TRUE,1
Vocational,B,Female,Uncertain,Rural,46,7080000,84.33,TRUE,1
Academic,B,Female,Very Interested,Urban,58,5390000,86.92,FALSE,1
Academic,B,Female,Uncertain,Rural,52,4890000,80.65,TRUE,1
Vocational,B,Male,Uncertain,Rural,55,3610000,83.12,TRUE,0
Vocational,A,Female,Very Interested,Rural,49,6750000,86.38,TRUE,1
Vocational,A,Male,Uncertain,Urban,56,3970000,86.49,FALSE,0
Vocational,B,Female,Uncertain,Rural,52,4150000,84.49,TRUE,0
Academic,A,Female,Less Interested,Urban,55,6960000,83.84,FALSE,0
Vocational,B,Female,Interested,Urban,54,3680000,85.09,TRUE,0
Vocational,B,Male,Uncertain,Rural,54,4640000,92.8,TRUE,1
Academic,B,Male,Very Interested,Urban,52,6750000,86.23,FALSE,1
Academic,A,Male,Less Interested,Urban,54,3650000,87.09,FALSE,0
Academic,A,Female,Very Interested,Urban,56,3700000,85.14,FALSE,0
Academic,B,Male,Not Interested,Rural,49,7570000,89.95,TRUE,1
Academic,B,Male,Uncertain,Urban,53,6160000,91.16,TRUE,1
Vocational,B,Female,Uncertain,Rural,54,4840000,86.15,TRUE,0
Academic,A,Female,Very Interested,Urban,59,2910000,85.24,FALSE,0
Vocational,A,Female,Less Interested,Rural,49,5920000,83.94,TRUE,1
Academic,B,Female,Less Interested,Urban,50,3360000,84.98,TRUE,0
Vocational,A,Male,Uncertain,Urban,55,5610000,88.23,FALSE,1
Academic,B,Female,Not Interested,Rural,50,8290000,89.16,TRUE,1
Academic,A,Male,Very Interested,Urban,60,1830000,81.19,FALSE,0
Vocational,B,Male,Less Interested,Rural,50,6680000,86.56,TRUE,1
Academic,A,Male,Less Interested,Urban,53,4180000,80.96,FALSE,0
Academic,B,Male,Very Interested,Rural,49,3770000,85.93,TRUE,0
Vocational,A,Male,Very Interested,Rural,52,6140000,87.28,FALSE,1
Academic,B,Female,Uncertain,Rural,52,5340000,95.1,TRUE,1
Academic,A,Female,Less Interested,Urban,51,4720000,87.24,FALSE,1
Vocational,A,Male,Uncertain,Rural,52,5720000,85.31,TRUE,0
Academic,A,Female,Less Interested,Urban,53,5310000,81.04,FALSE,0
Academic,A,Male,Very Interested,Urban,51,7430000,88.84,FALSE,1
Vocational,B,Male,Uncertain,Rural,55,4830000,87.3,TRUE,0
Academic,B,Female,Uncertain,Rural,50,5690000,91.47,TRUE,1
Academic,A,Female,Less Interested,Rural,44,5410000,83.48,FALSE,0
Vocational,B,Female,Uncertain,Rural,54,5490000,91.27,TRUE,1
Vocational,A,Male,Not Interested,Urban,55,3660000,78.59,FALSE,1
Academic,A,Female,Less Interested,Urban,53,5110000,82.67,FALSE,0
Vocational,B,Male,Very Interested,Urban,53,5690000,86.53,TRUE,1
Academic,B,Female,Very Interested,Rural,54,6160000,88.98,TRUE,1
Academic,B,Female,Less Interested,Rural,54,4550000,84.97,TRUE,0
Vocational,B,Female,Uncertain,Rural,47,6130000,84.88,TRUE,0
Vocational,A,Male,Uncertain,Rural,52,5620000,85.15,FALSE,0
Academic,B,Male,Very Interested,Urban,55,5250000,83.89,FALSE,0
Vocational,B,Female,Uncertain,Rural,54,3700000,83.5,TRUE,0
Academic,A,Male,Interested,Urban,55,5120000,85.73,FALSE,0
Vocational,A,Male,Very Interested,Rural,47,6200000,82.35,TRUE,1
Vocational,B,Female,Not Interested,Rural,53,4340000,85.56,TRUE,0
Academic,B,Male,Uncertain,Rural,55,5530000,88.51,TRUE,1
Academic,B,Male,Interested,Urban,53,4100000,84.9,FALSE,0
Vocational,A,Male,Uncertain,Urban,56,5580000,85.96,FALSE,1
Academic,A,Female,Less Interested,Urban,58,5370000,84.78,FALSE,0
Academic,B,Female,Very Interested,Rural,54,5790000,86.6,TRUE,1
Academic,A,Male,Interested,Urban,56,5280000,88.94,FALSE,0
Academic,A,Male,Very Interested,Urban,51,4440000,84.45,FALSE,0
Academic,A,Male,Uncertain,Urban,54,4940000,83.52,FALSE,1
Academic,A,Male,Less Interested,Urban,59,3720000,84.44,FALSE,0
Vocational,B,Female,Very Interested,Rural,46,5920000,81.98,TRUE,0
Academic,A,Male,Very Interested,Urban,53,4840000,89.03,FALSE,1
Vocational,A,Female,Very Interested,Rural,50,5470000,80.9,FALSE,0
Vocational,B,Male,Less Interested,Rural,48,7640000,86.93,TRUE,1
Vocational,B,Male,Uncertain,Rural,49,5810000,87.68,TRUE,0
Vocational,B,Male,Uncertain,Rural,48,6280000,85.15,TRUE,0
Vocational,A,Female,Very Interested,Urban,54,6010000,87.39,FALSE,1
Vocational,A,Female,Uncertain,Urban,56,4250000,84.35,FALSE,0
Academic,A,Female,Very Interested,Urban,52,5320000,85.39,FALSE,1
Academic,A,Male,Less Interested,Urban,54,7260000,89.07,FALSE,1
Academic,B,Male,Very Interested,Urban,51,4970000,89.41,TRUE,1
Vocational,B,Female,Not Interested,Rural,50,3010000,82.93,TRUE,0
Academic,A,Female,Very Interested,Urban,52,8020000,83.64,FALSE,1
Academic,B,Female,Uncertain,Urban,64,3860000,85.28,FALSE,1
Academic,A,Female,Very Interested,Urban,52,5980000,87.66,FALSE,1
Academic,A,Male,Very Interested,Urban,57,6540000,85.58,FALSE,0
Vocational,B,Female,Uncertain,Urban,50,7550000,89.39,FALSE,1
Vocational,A,Female,Uncertain,Urban,53,4330000,91.09,FALSE,1
Academic,B,Male,Uncertain,Urban,51,4170000,90.96,TRUE,1
Academic,B,Female,Uncertain,Urban,53,5730000,83.84,TRUE,1
Academic,B,Male,Uncertain,Urban,48,6090000,90.83,TRUE,1
Academic,B,Female,Very Interested,Rural,53,6140000,92.76,TRUE,1
Vocational,A,Male,Uncertain,Rural,51,6040000,88.74,TRUE,1
Vocational,B,Female,Uncertain,Urban,54,6580000,88.54,TRUE,1
Vocational,B,Male,Not Interested,Urban,53,5190000,92.69,TRUE,1
Academic,B,Male,Uncertain,Urban,53,6150000,91.02,TRUE,1
Academic,A,Male,Uncertain,Rural,51,3510000,83.9,TRUE,0
Academic,B,Female,Uncertain,Urban,52,8080000,87.39,FALSE,1
Vocational,B,Male,Uncertain,Urban,58,4540000,84.63,FALSE,0
Academic,B,Male,Less Interested,Urban,56,4560000,87.81,FALSE,0
Vocational,B,Female,Not Interested,Rural,52,8400000,91.53,TRUE,1
Academic,B,Female,Very Interested,Rural,52,7960000,93.35,TRUE,1
Academic,A,Male,Less Interested,Urban,57,3830000,84.92,FALSE,1
Vocational,A,Female,Less Interested,Urban,55,5110000,86.1,FALSE,1
Vocational,A,Male,Interested,Urban,52,5230000,81.13,FALSE,0
Vocational,B,Female,Uncertain,Rural,50,6290000,87.52,TRUE,0
Academic,A,Female,Less Interested,Rural,51,5350000,82.61,TRUE,0
Academic,B,Female,Very Interested,Urban,54,6570000,89.42,FALSE,1
Vocational,A,Male,Very Interested,Urban,53,6410000,85.65,FALSE,1
Academic,B,Female,Uncertain,Rural,48,6750000,85.01,TRUE,1
Academic,B,Male,Uncertain,Urban,52,6200000,88.72,TRUE,1
Academic,B,Male,Uncertain,Rural,50,2810000,85.62,TRUE,0
Vocational,B,Male,Less Interested,Urban,56,5550000,86.02,FALSE,1
Vocational,A,Female,Less Interested,Urban,61,4230000,84.39,FALSE,1
Vocational,B,Male,Interested,Urban,50,4160000,81.8,TRUE,0
Academic,B,Male,Uncertain,Rural,50,7880000,96.1,TRUE,1
Academic,B,Female,Very Interested,Urban,56,6070000,86.86,FALSE,1
Academic,A,Male,Not Interested,Rural,49,2600000,88.86,TRUE,0
Academic,B,Female,Less Interested,Urban,46,2730000,83.08,TRUE,0
Academic,A,Male,Interested,Urban,52,4920000,81.64,FALSE,0
Vocational,B,Female,Less Interested,Rural,54,6160000,88.91,TRUE,1
Vocational,A,Female,Uncertain,Rural,43,7090000,84.19,TRUE,0
Academic,B,Male,Very Interested,Urban,54,6060000,86.55,TRUE,1
Vocational,A,Male,Very Interested,Urban,58,4410000,85.44,FALSE,1
Academic,A,Male,Less Interested,Urban,53,3340000,90.01,FALSE,1
Vocational,B,Male,Uncertain,Rural,48,5280000,82.24,TRUE,0
Vocational,B,Female,Interested,Urban,50,5680000,80.57,TRUE,0
Academic,B,Male,Less Interested,Urban,53,6140000,84.33,FALSE,0
Academic,B,Female,Uncertain,Urban,50,2160000,83.17,TRUE,0
Academic,A,Male,Less Interested,Urban,57,3040000,84.79,FALSE,0
Academic,B,Female,Not Interested,Rural,49,6340000,92.68,TRUE,1
Vocational,A,Male,Very Interested,Urban,54,5510000,84.89,FALSE,1
Vocational,A,Male,Uncertain,Rural,49,6680000,87.67,TRUE,1
Academic,A,Male,Uncertain,Rural,47,3040000,85.93,TRUE,0
Academic,A,Female,Uncertain,Urban,52,5040000,88.37,TRUE,1
Academic,B,Female,Uncertain,Rural,48,6710000,85.78,TRUE,1
Academic,A,Female,Interested,Urban,54,5370000,82.7,FALSE,0
Academic,B,Male,Uncertain,Rural,52,5060000,93.89,TRUE,1
Academic,B,Female,Very Interested,Rural,46,3780000,89.13,TRUE,0
Academic,B,Female,Uncertain,Rural,50,7230000,89.53,TRUE,1
Vocational,B,Female,Less Interested,Urban,53,6210000,85.94,TRUE,1
Academic,B,Female,Very Interested,Rural,49,7900000,90.67,TRUE,1
Academic,A,Female,Less Interested,Urban,56,4120000,86.6,FALSE,0
Vocational,A,Female,Uncertain,Rural,52,5860000,89.04,TRUE,1
Academic,A,Female,Less Interested,Rural,51,4760000,82.36,FALSE,0
Academic,A,Male,Less Interested,Urban,57,2940000,82.57,FALSE,0
Academic,B,Male,Less Interested,Urban,50,3230000,86.02,TRUE,0
Academic,B,Male,Very Interested,Urban,50,6740000,87.64,FALSE,1
Academic,A,Male,Less Interested,Rural,53,5680000,84.25,FALSE,0
Academic,B,Male,Less Interested,Urban,55,1660000,88.26,FALSE,0
Academic,B,Female,Less Interested,Urban,54,3210000,92.85,FALSE,1
Academic,A,Male,Less Interested,Rural,52,5720000,83.88,FALSE,0
Academic,B,Male,Very Interested,Rural,52,6720000,88.78,TRUE,1
Academic,A,Female,Uncertain,Urban,58,5060000,88.85,FALSE,0
Academic,A,Female,Less Interested,Urban,52,3320000,82.33,FALSE,0
Academic,B,Male,Interested,Urban,60,3540000,83.03,FALSE,0
Vocational,B,Male,Interested,Urban,52,5290000,86.38,FALSE,0
Academic,B,Male,Very Interested,Rural,49,7710000,90.4,TRUE,1
Vocational,B,Male,Uncertain,Urban,55,4730000,83.84,FALSE,0
Vocational,A,Female,Uncertain,Rural,50,6630000,89.28,TRUE,1
Vocational,B,Male,Interested,Urban,51,4020000,88.1,TRUE,0
Vocational,A,Female,Less Interested,Rural,44,8370000,83.54,FALSE,0
Academic,A,Female,Uncertain,Rural,53,5660000,89.97,FALSE,1
Academic,A,Male,Very Interested,Rural,51,5460000,85.23,FALSE,0
Academic,A,Male,Interested,Urban,54,5670000,81.76,FALSE,0
Academic,A,Female,Less Interested,Urban,46,4980000,84.72,FALSE,0
Academic,B,Male,Uncertain,Rural,49,6910000,91.38,TRUE,1
Academic,A,Female,Uncertain,Urban,51,5550000,87.61,FALSE,1
Vocational,B,Female,Not Interested,Rural,49,5520000,87.58,TRUE,1
Academic,B,Male,Uncertain,Rural,48,7310000,87.66,TRUE,1
Academic,A,Female,Uncertain,Rural,53,5390000,81,TRUE,0
Academic,A,Male,Very Interested,Rural,47,5840000,86.36,TRUE,0
Vocational,B,Female,Not Interested,Rural,55,4450000,84.93,TRUE,0
Academic,B,Female,Very Interested,Rural,48,3440000,84.07,TRUE,0
Academic,A,Female,Very Interested,Urban,53,3310000,83.14,FALSE,0
Vocational,B,Female,Not Interested,Rural,53,4110000,85.7,TRUE,0
Academic,A,Female,Very Interested,Urban,56,3380000,84.06,FALSE,0
Vocational,A,Male,Less Interested,Urban,54,6530000,89.2,FALSE,1
Academic,B,Male,Very Interested,Urban,54,4120000,92.07,FALSE,1
Vocational,B,Male,Very Interested,Rural,51,5310000,83.42,TRUE,0
Academic,A,Male,Less Interested,Urban,55,4880000,90.47,FALSE,1
Academic,B,Female,Less Interested,Urban,55,5780000,85.9,TRUE,1
Vocational,A,Female,Interested,Urban,47,6410000,81.46,FALSE,0
Vocational,A,Male,Very Interested,Urban,59,3800000,82.98,FALSE,0
Academic,A,Male,Interested,Urban,60,3860000,84.83,FALSE,0
Academic,A,Female,Very Interested,Urban,56,3390000,84.04,FALSE,0
Academic,B,Male,Less Interested,Rural,47,5100000,82.32,TRUE,0
Vocational,A,Female,Uncertain,Rural,50,6920000,90.79,TRUE,1
Academic,B,Female,Very Interested,Urban,55,2920000,82.93,TRUE,0
Academic,B,Male,Less Interested,Rural,46,4010000,84.11,TRUE,0
Academic,A,Female,Very Interested,Urban,53,4510000,87.71,FALSE,0
Vocational,A,Male,Less Interested,Rural,48,5750000,82.11,FALSE,0
Academic,B,Female,Very Interested,Urban,54,5250000,84.81,TRUE,1
Vocational,A,Male,Very Interested,Urban,53,4360000,83.29,FALSE,0
Vocational,A,Female,Very Interested,Rural,51,5940000,82.23,FALSE,0
Academic,B,Female,Less Interested,Urban,52,3640000,84.59,TRUE,0
Vocational,B,Male,Interested,Urban,58,5060000,86.75,FALSE,0
Academic,B,Female,Very Interested,Urban,54,5560000,83.41,TRUE,1
Academic,A,Male,Uncertain,Rural,54,8650000,90.03,TRUE,1
Academic,B,Female,Less Interested,Rural,40,3810000,81,TRUE,0
Vocational,B,Male,Uncertain,Rural,52,6450000,86.14,TRUE,0
Academic,A,Male,Not Interested,Rural,53,5810000,88.37,TRUE,1
Academic,B,Female,Uncertain,Rural,50,6250000,90.96,TRUE,1
Vocational,A,Female,Uncertain,Urban,52,4740000,79.11,FALSE,1
Academic,A,Female,Less Interested,Urban,52,3260000,80.26,FALSE,0
Academic,A,Male,Less Interested,Urban,50,4660000,85.87,FALSE,0
Vocational,A,Male,Very Interested,Rural,51,5140000,83.26,FALSE,0
Vocational,B,Male,Uncertain,Rural,52,6230000,86.39,TRUE,0
Academic,B,Male,Less Interested,Urban,46,3800000,84.84,TRUE,0
Academic,B,Female,Uncertain,Rural,51,5630000,85.19,TRUE,1
Academic,B,Female,Very Interested,Urban,55,6340000,90.95,FALSE,1
Academic,A,Male,Less Interested,Urban,51,4860000,84.33,FALSE,0
Academic,B,Female,Very Interested,Urban,54,7570000,88.33,TRUE,1
Academic,B,Female,Very Interested,Rural,51,5950000,88.76,TRUE,1
Vocational,A,Female,Not Interested,Urban,52,5240000,91.2,TRUE,1
Vocational,B,Female,Not Interested,Rural,52,5480000,90.51,TRUE,1
Vocational,B,Female,Very Interested,Rural,43,6800000,82.62,TRUE,0
Academic,B,Male,Less Interested,Urban,55,6490000,84.22,FALSE,0
Academic,A,Female,Less Interested,Urban,47,4600000,83.92,TRUE,0
Academic,B,Female,Very Interested,Rural,52,5500000,85.13,TRUE,1
Academic,A,Male,Very Interested,Urban,57,6690000,89.87,FALSE,1
Academic,B,Male,Uncertain,Rural,52,5090000,82.28,TRUE,1
Academic,B,Female,Very Interested,Rural,46,3470000,83.73,TRUE,0
Academic,A,Female,Less Interested,Urban,50,6840000,81.78,FALSE,0
Vocational,B,Male,Less Interested,Rural,48,4640000,85.14,TRUE,0
Academic,A,Female,Uncertain,Urban,50,5580000,89.9,FALSE,1
Vocational,B,Female,Uncertain,Rural,49,6740000,89.87,TRUE,0
Academic,A,Female,Uncertain,Rural,52,6450000,88.27,TRUE,1
Academic,B,Female,Very Interested,Rural,43,3800000,79.1,TRUE,0
Vocational,A,Female,Very Interested,Rural,50,6400000,85.36,FALSE,1
Academic,A,Female,Less Interested,Urban,50,4640000,83.92,FALSE,0
Academic,A,Female,Less Interested,Rural,46,5570000,82.31,FALSE,0
Academic,B,Male,Not Interested,Urban,56,6090000,85.13,FALSE,1
Academic,B,Female,Less Interested,Urban,57,3070000,85.02,FALSE,0
Academic,A,Male,Less Interested,Urban,57,3370000,84.67,FALSE,0
Academic,B,Male,Less Interested,Urban,59,5170000,87.65,FALSE,1
Academic,A,Female,Less Interested,Urban,54,5920000,83.23,FALSE,1
Academic,A,Male,Very Interested,Urban,51,7320000,86.81,FALSE,1
Academic,A,Male,Less Interested,Urban,51,6670000,85.12,FALSE,0
Academic,A,Male,Uncertain,Urban,55,2450000,85.18,FALSE,0
Vocational,B,Female,Not Interested,Rural,50,4740000,84.93,TRUE,0
Vocational,B,Female,Interested,Urban,53,5370000,82.5,FALSE,0
Academic,A,Female,Very Interested,Urban,54,4590000,89.54,FALSE,1
Academic,B,Male,Very Interested,Rural,51,7310000,91.89,TRUE,1
Academic,A,Female,Less Interested,Urban,53,3890000,83.25,FALSE,0
Academic,B,Female,Very Interested,Rural,50,3440000,88.65,TRUE,0
Academic,B,Male,Not Interested,Urban,55,5010000,82.13,FALSE,1
Academic,B,Male,Less Interested,Urban,53,3460000,84.48,TRUE,0
Academic,B,Male,Very Interested,Rural,52,6370000,85.48,TRUE,1
Academic,B,Female,Very Interested,Urban,55,5770000,84.29,FALSE,0
Academic,A,Female,Not Interested,Urban,59,4390000,87.16,FALSE,1
Vocational,A,Female,Less Interested,Rural,49,6900000,86.93,TRUE,1
Vocational,B,Male,Not Interested,Rural,55,3030000,89.26,TRUE,0
Academic,B,Male,Uncertain,Rural,51,7120000,88.74,TRUE,1
Academic,B,Male,Very Interested,Urban,58,5280000,85.84,FALSE,1
Vocational,A,Female,Uncertain,Urban,48,5870000,82.11,FALSE,0
Academic,B,Female,Less Interested,Urban,50,3540000,82.63,TRUE,0
Academic,B,Female,Very Interested,Rural,49,3340000,83.59,TRUE,0
Academic,A,Male,Interested,Urban,58,5520000,80.75,FALSE,0
Vocational,B,Female,Very Interested,Rural,51,5010000,84.11,FALSE,0
Vocational,A,Female,Uncertain,Rural,50,6740000,87.52,TRUE,1
Academic,A,Female,Very Interested,Urban,51,5480000,90.4,FALSE,1
Academic,A,Male,Uncertain,Rural,43,4160000,87.68,TRUE,0
Vocational,B,Male,Interested,Urban,53,4480000,84.74,TRUE,0
Academic,B,Female,Interested,Urban,56,3090000,84.66,FALSE,0
Academic,A,Male,Uncertain,Rural,50,6530000,87.42,TRUE,1
Academic,A,Male,Interested,Urban,54,4350000,85.68,FALSE,0
Vocational,A,Male,Interested,Rural,47,8380000,93.07,TRUE,1
Vocational,A,Male,Very Interested,Urban,54,5920000,84.33,FALSE,1
Vocational,B,Female,Less Interested,Urban,53,6110000,85.84,TRUE,1
Academic,B,Male,Uncertain,Rural,51,5770000,94.06,TRUE,1
Academic,A,Female,Very Interested,Urban,55,4650000,83.64,FALSE,0
Academic,B,Male,Interested,Urban,49,5040000,83.21,FALSE,0
Academic,B,Male,Very Interested,Rural,52,4160000,81.94,TRUE,0
Vocational,B,Male,Very Interested,Urban,56,6040000,87.46,TRUE,1
Academic,A,Female,Less Interested,Urban,52,3920000,91.63,FALSE,1
Academic,B,Female,Less Interested,Urban,58,3020000,78.92,TRUE,0
Vocational,A,Male,Very Interested,Urban,50,5810000,82.48,FALSE,0
Vocational,A,Female,Not Interested,Rural,55,4330000,84.91,FALSE,0
Vocational,B,Male,Not Interested,Rural,53,3680000,85.63,TRUE,0
Vocational,B,Female,Very Interested,Rural,51,6440000,86.6,TRUE,1
Vocational,B,Female,Not Interested,Rural,53,6040000,86.66,TRUE,0
Academic,A,Male,Less Interested,Urban,53,3110000,84.01,FALSE,0
Vocational,A,Male,Interested,Urban,50,6610000,87.01,TRUE,1
Vocational,A,Female,Uncertain,Rural,48,6190000,84.57,TRUE,0
Academic,B,Male,Very Interested,Urban,56,3260000,84.42,FALSE,0
Vocational,B,Male,Uncertain,Rural,55,4660000,84.77,TRUE,0
Vocational,A,Female,Less Interested,Urban,58,5570000,85.81,FALSE,1
Academic,A,Female,Less Interested,Urban,57,4420000,85.23,FALSE,0
Vocational,B,Female,Uncertain,Rural,48,6180000,86.11,TRUE,0
Academic,A,Male,Less Interested,Urban,56,5360000,84.78,FALSE,0
Academic,A,Male,Uncertain,Rural,55,3830000,86.68,TRUE,0
Academic,A,Male,Interested,Urban,54,6860000,84,FALSE,0
Academic,B,Female,Uncertain,Rural,48,4260000,90.31,TRUE,1
Academic,A,Male,Less Interested,Urban,51,9410000,83.7,FALSE,1
Academic,B,Female,Less Interested,Rural,44,3280000,82.58,TRUE,0
Academic,B,Male,Interested,Urban,57,3740000,85.23,FALSE,0
Academic,B,Male,Interested,Urban,55,4060000,85.61,TRUE,0
Academic,A,Female,Very Interested,Urban,47,3940000,83.41,FALSE,0
Academic,A,Female,Less Interested,Urban,53,6690000,85.33,FALSE,1
Vocational,B,Female,Uncertain,Rural,47,5910000,86.18,TRUE,0
Academic,A,Male,Less Interested,Urban,54,4180000,84.04,FALSE,0
Academic,A,Male,Very Interested,Rural,52,5720000,80.73,TRUE,0
Vocational,A,Male,Uncertain,Rural,53,5540000,85.39,TRUE,1
Academic,B,Male,Uncertain,Rural,49,6290000,91.82,TRUE,1
Academic,A,Male,Very Interested,Urban,59,1790000,81.65,FALSE,0
Academic,A,Female,Very Interested,Urban,57,2740000,83.56,FALSE,0
Academic,B,Male,Less Interested,Rural,54,5290000,84.72,TRUE,0
Academic,B,Female,Uncertain,Rural,47,6650000,85.79,TRUE,1
Academic,B,Male,Not Interested,Rural,50,4910000,93.01,TRUE,1
Vocational,B,Female,Uncertain,Rural,47,6610000,89.52,TRUE,0
Academic,B,Female,Less Interested,Urban,52,4090000,85.45,TRUE,0
Academic,B,Male,Very Interested,Rural,53,7300000,89.42,FALSE,1
Vocational,B,Male,Interested,Rural,51,7220000,88.19,TRUE,1
Vocational,A,Male,Very Interested,Rural,51,6480000,88.35,TRUE,1
Academic,B,Female,Uncertain,Rural,51,5040000,96.72,TRUE,1
Vocational,A,Male,Very Interested,Urban,53,4530000,82.13,FALSE,0
Vocational,A,Male,Very Interested,Urban,49,5530000,80.05,FALSE,0
Academic,A,Female,Very Interested,Urban,53,8430000,84.3,FALSE,1
Academic,B,Male,Very Interested,Rural,52,5810000,86.72,TRUE,0
Academic,A,Male,Interested,Urban,51,5340000,86.66,FALSE,0
Vocational,A,Male,Very Interested,Urban,54,5780000,85.34,FALSE,1
Academic,A,Female,Less Interested,Urban,52,10000000,83.67,FALSE,1
Academic,B,Male,Uncertain,Rural,51,6120000,89.63,TRUE,1
Academic,A,Female,Interested,Urban,58,4640000,86.6,FALSE,0
Vocational,A,Female,Less Interested,Urban,59,4700000,84.08,FALSE,1
Vocational,A,Male,Very Interested,Rural,49,6580000,86.71,TRUE,0
Academic,A,Female,Very Interested,Urban,51,7320000,86.47,FALSE,1
Vocational,A,Male,Uncertain,Rural,50,6670000,86.59,TRUE,1
Vocational,A,Male,Very Interested,Rural,50,6020000,87.2,TRUE,1
Academic,A,Male,Very Interested,Urban,52,1770000,83.79,FALSE,0
Academic,A,Male,Very Interested,Urban,53,7160000,87.5,FALSE,1
Academic,A,Female,Less Interested,Urban,51,2820000,83.18,FALSE,0
Academic,A,Female,Very Interested,Urban,53,6680000,85.23,FALSE,1
Vocational,A,Female,Less Interested,Rural,46,7790000,87.27,TRUE,1
Academic,A,Male,Less Interested,Urban,54,8280000,81.12,FALSE,1
Vocational,B,Male,Interested,Urban,54,5480000,80.73,TRUE,0
Vocational,A,Female,Not Interested,Rural,52,4970000,87.5,TRUE,0
Academic,B,Female,Interested,Urban,52,4680000,82.88,FALSE,0
Academic,B,Female,Uncertain,Urban,52,5730000,89.97,TRUE,1
Vocational,B,Female,Uncertain,Rural,45,7400000,84.56,TRUE,0
Academic,B,Female,Less Interested,Urban,52,2940000,85.5,TRUE,0
Academic,A,Male,Uncertain,Rural,48,4070000,80.69,FALSE,0
Vocational,B,Female,Uncertain,Rural,55,4850000,84.12,TRUE,0
Academic,B,Male,Uncertain,Rural,47,7130000,88.35,TRUE,1
Academic,B,Female,Very Interested,Urban,48,3180000,81.86,TRUE,0
Academic,A,Female,Uncertain,Rural,49,6200000,89.14,TRUE,1
Academic,B,Male,Less Interested,Urban,58,4290000,85.2,TRUE,0
Academic,B,Male,Interested,Urban,52,3450000,84.51,FALSE,0
Academic,A,Male,Interested,Urban,53,4110000,84.3,FALSE,0
Vocational,B,Male,Interested,Urban,56,4540000,84.56,FALSE,0
Vocational,B,Male,Very Interested,Rural,52,6210000,85.91,TRUE,0
Academic,B,Male,Not Interested,Rural,51,5350000,83.3,TRUE,1
Academic,B,Female,Not Interested,Rural,48,6090000,95.81,TRUE,1
Academic,B,Male,Uncertain,Rural,52,5940000,84.85,TRUE,1
Academic,B,Female,Very Interested,Rural,50,7540000,91.84,TRUE,1
Academic,A,Male,Very Interested,Urban,54,6310000,85.89,FALSE,0
Academic,B,Male,Very Interested,Urban,50,7000000,86.93,FALSE,1
Academic,B,Female,Very Interested,Rural,53,6670000,90.92,TRUE,1
Academic,B,Male,Not Interested,Rural,46,4810000,94.28,TRUE,1
Academic,A,Female,Less Interested,Urban,58,4000000,83.87,FALSE,0
Vocational,B,Female,Uncertain,Rural,46,7460000,86.86,TRUE,0
Vocational,B,Female,Less Interested,Rural,53,6720000,89.39,TRUE,1
Vocational,A,Female,Very Interested,Urban,54,6460000,88.59,FALSE,1
Academic,A,Male,Very Interested,Urban,54,5140000,86.31,FALSE,0
Vocational,B,Female,Less Interested,Urban,54,4740000,83.55,TRUE,0
Academic,B,Male,Uncertain,Rural,51,5130000,94.24,TRUE,1
Academic,B,Male,Uncertain,Urban,54,6210000,83.99,TRUE,1
Vocational,B,Male,Interested,Urban,56,4160000,85.83,FALSE,0
Academic,A,Male,Interested,Urban,55,4440000,86.09,FALSE,0
Academic,A,Male,Uncertain,Rural,48,7160000,88.46,TRUE,1
Academic,B,Female,Less Interested,Urban,57,3750000,90.33,FALSE,0
Academic,B,Male,Very Interested,Rural,53,7390000,92.39,FALSE,1
Vocational,B,Male,Very Interested,Rural,47,5440000,81.16,TRUE,0
Academic,A,Male,Very Interested,Rural,48,3770000,83.79,TRUE,0
Vocational,A,Female,Uncertain,Urban,51,5850000,84.85,TRUE,1
Vocational,A,Female,Uncertain,Urban,58,5680000,87.97,FALSE,0
Vocational,B,Male,Uncertain,Rural,55,3550000,93.7,TRUE,1
Academic,B,Female,Less Interested,Urban,54,4230000,84.89,TRUE,0
Academic,B,Female,Less Interested,Urban,56,4490000,84.63,TRUE,0
Academic,A,Female,Very Interested,Rural,48,6420000,84.15,FALSE,0
Academic,B,Male,Very Interested,Rural,45,5340000,83.78,TRUE,0
Vocational,A,Male,Uncertain,Urban,55,5220000,83.22,FALSE,1
Vocational,B,Male,Not Interested,Rural,52,4170000,84.21,TRUE,0
Vocational,A,Male,Less Interested,Urban,59,5390000,86.49,FALSE,1
Academic,B,Female,Less Interested,Urban,56,5990000,83.1,FALSE,0
Academic,A,Female,Very Interested,Urban,52,6910000,86.83,FALSE,1
Academic,B,Female,Uncertain,Rural,50,6590000,91.77,TRUE,1
Academic,B,Female,Less Interested,Urban,52,2790000,85.3,TRUE,0
Vocational,A,Female,Less Interested,Urban,54,6520000,87.5,TRUE,1
Vocational,A,Male,Uncertain,Rural,50,4710000,84.99,FALSE,0
Vocational,B,Female,Uncertain,Rural,47,6520000,83.43,TRUE,1
Academic,B,Female,Very Interested,Rural,40,3910000,80.8,TRUE,0
Vocational,A,Male,Very Interested,Rural,47,6220000,84.61,TRUE,0
Academic,B,Male,Interested,Urban,55,3460000,85.1,FALSE,0
Academic,B,Male,Very Interested,Urban,52,6730000,90.49,FALSE,1
Academic,B,Female,Less Interested,Rural,50,8120000,90.32,TRUE,1
Academic,B,Male,Less Interested,Urban,58,2140000,83.53,TRUE,0
Vocational,A,Male,Very Interested,Urban,54,5450000,85.41,FALSE,1
Vocational,B,Female,Very Interested,Rural,50,5970000,82.98,TRUE,0
Academic,B,Female,Less Interested,Rural,50,7650000,86.88,TRUE,1
Academic,A,Male,Very Interested,Rural,46,4150000,81.06,TRUE,0
Academic,B,Female,Very Interested,Rural,51,5850000,92.43,TRUE,1
Academic,B,Female,Very Interested,Rural,48,4240000,86.52,TRUE,0
Academic,A,Female,Uncertain,Rural,51,5840000,93.04,TRUE,1
Academic,A,Male,Very Interested,Urban,51,5720000,86.35,FALSE,1
Vocational,B,Male,Very Interested,Urban,54,4480000,82.46,FALSE,1
Academic,B,Female,Less Interested,Rural,49,7100000,84.05,TRUE,0
Academic,B,Female,Very Interested,Urban,52,3500000,85.11,TRUE,0
Vocational,B,Female,Uncertain,Rural,49,4750000,83.45,TRUE,0
Vocational,B,Female,Not Interested,Rural,52,5810000,88.73,TRUE,0
Academic,A,Male,Less Interested,Urban,55,3070000,83.3,FALSE,0
Vocational,B,Male,Uncertain,Urban,57,4030000,83.34,TRUE,0
Vocational,A,Male,Not Interested,Urban,51,5000000,81.24,FALSE,1
Vocational,A,Male,Less Interested,Urban,58,4560000,83.87,FALSE,1
Academic,A,Female,Less Interested,Urban,53,6360000,88.35,FALSE,1
Academic,B,Male,Very Interested,Urban,56,5910000,85.29,FALSE,1
Vocational,B,Female,Uncertain,Rural,53,3950000,84.31,TRUE,0
Vocational,B,Male,Uncertain,Rural,48,7250000,89.25,TRUE,1
Academic,A,Female,Very Interested,Urban,52,7540000,86.98,FALSE,1
Academic,A,Male,Not Interested,Rural,41,3020000,77.18,TRUE,0
Vocational,B,Female,Not Interested,Rural,52,4450000,84.79,TRUE,0
Academic,B,Male,Very Interested,Rural,50,3180000,85.01,TRUE,0
Vocational,B,Female,Not Interested,Rural,45,7490000,87.25,TRUE,1
Vocational,A,Male,Very Interested,Urban,53,5540000,84.53,FALSE,0
Academic,A,Female,Interested,Urban,54,4930000,86.97,FALSE,1
Vocational,A,Male,Interested,Rural,46,7780000,91.5,TRUE,1
Vocational,B,Male,Uncertain,Urban,53,3790000,90.82,TRUE,1
Academic,B,Female,Very Interested,Rural,52,7420000,86.82,TRUE,1
Academic,A,Female,Very Interested,Urban,54,5970000,85.68,FALSE,1
Academic,B,Male,Uncertain,Urban,59,3610000,78.67,FALSE,1
Academic,A,Female,Very Interested,Urban,52,4930000,90.18,FALSE,1
Academic,B,Male,Very Interested,Urban,53,6640000,89.22,FALSE,1
Academic,A,Male,Very Interested,Urban,57,6310000,88.96,FALSE,1
Vocational,A,Male,Very Interested,Rural,55,6080000,89.96,TRUE,1
Academic,A,Male,Very Interested,Urban,56,3860000,82.24,FALSE,0
Academic,B,Female,Not Interested,Rural,50,6050000,84.28,TRUE,1
Academic,B,Female,Interested,Urban,51,3180000,83.62,TRUE,0
Academic,A,Female,Interested,Urban,56,6700000,86.6,FALSE,1
Vocational,B,Male,Interested,Urban,54,5040000,84.87,FALSE,0
Academic,B,Male,Uncertain,Rural,50,8140000,89.24,TRUE,1
Academic,B,Male,Uncertain,Rural,50,3300000,96.23,TRUE,1
Academic,A,Male,Less Interested,Urban,53,2570000,91.43,FALSE,1
Vocational,B,Male,Uncertain,Rural,52,3690000,82.67,TRUE,0
Academic,B,Male,Uncertain,Rural,52,5920000,86,TRUE,1
Academic,B,Female,Less Interested,Rural,54,7050000,84.15,FALSE,0
Academic,B,Female,Very Interested,Rural,45,7580000,88.4,TRUE,1
Academic,B,Female,Uncertain,Rural,53,6520000,94.34,TRUE,1
Academic,B,Male,Very Interested,Urban,56,2900000,86.94,FALSE,0
Academic,B,Female,Very Interested,Rural,52,8470000,88.09,FALSE,1
Vocational,B,Female,Less Interested,Rural,52,6560000,88.76,TRUE,1
Academic,B,Female,Uncertain,Rural,52,6610000,92,TRUE,1
Academic,B,Male,Less Interested,Urban,54,5730000,84.12,TRUE,1
Vocational,B,Female,Uncertain,Rural,46,5410000,84.05,TRUE,0
Academic,A,Female,Less Interested,Urban,55,5210000,81.19,FALSE,0
Academic,A,Female,Uncertain,Urban,54,5580000,90.49,FALSE,1
Academic,B,Male,Very Interested,Rural,54,3700000,82.45,TRUE,0
Vocational,A,Male,Uncertain,Urban,52,5280000,91.6,FALSE,1
Vocational,B,Female,Not Interested,Rural,48,5830000,98,TRUE,1
Academic,A,Female,Less Interested,Urban,55,5560000,89.42,FALSE,1
Academic,A,Male,Very Interested,Urban,53,5470000,91.9,FALSE,1
Vocational,A,Female,Very Interested,Rural,51,6660000,87.36,FALSE,1
Academic,A,Male,Very Interested,Urban,55,6240000,87.55,FALSE,1
Vocational,A,Male,Interested,Urban,55,5020000,87.09,FALSE,0
Academic,A,Female,Less Interested,Urban,55,8160000,83.15,FALSE,1
Academic,B,Male,Very Interested,Urban,52,4520000,89.44,FALSE,1
Vocational,A,Female,Very Interested,Urban,53,5420000,87.37,FALSE,1
Vocational,B,Female,Not Interested,Rural,54,3650000,85.13,TRUE,0
Academic,A,Female,Very Interested,Urban,50,4340000,81.74,FALSE,0
Academic,B,Female,Very Interested,Urban,55,6690000,91.51,FALSE,1
Academic,B,Male,Uncertain,Rural,52,7120000,92.68,TRUE,1
Academic,A,Male,Very Interested,Urban,53,5010000,85.81,FALSE,0
Academic,A,Male,Less Interested,Urban,50,3410000,80.4,FALSE,0
Academic,B,Male,Interested,Urban,52,3110000,83.69,FALSE,0
Vocational,B,Male,Uncertain,Rural,49,5640000,85.66,TRUE,0
Academic,B,Male,Uncertain,Rural,52,7350000,90.79,TRUE,1
Vocational,A,Female,Very Interested,Rural,47,6700000,85.36,FALSE,0
Academic,A,Male,Interested,Urban,59,4700000,87.63,FALSE,1
Academic,A,Male,Uncertain,Urban,57,4460000,83.06,FALSE,1
Academic,B,Male,Very Interested,Rural,50,5710000,84.68,TRUE,0
Vocational,B,Female,Not Interested,Rural,52,5330000,94.93,TRUE,1
Academic,B,Female,Interested,Urban,62,6110000,88.74,TRUE,1
Vocational,A,Male,Uncertain,Urban,53,6180000,83.82,FALSE,0
Vocational,B,Male,Interested,Rural,52,7580000,89.9,TRUE,1
Academic,A,Female,Less Interested,Urban,52,4820000,83.54,FALSE,1
Academic,A,Female,Less Interested,Urban,55,4450000,84.99,FALSE,1
Vocational,B,Female,Uncertain,Rural,45,4950000,82.35,TRUE,0
Academic,A,Male,Not Interested,Urban,56,4940000,82.96,FALSE,1
Academic,B,Male,Interested,Urban,58,1880000,83.47,FALSE,0
Academic,B,Female,Very Interested,Urban,50,1940000,81.33,TRUE,0
Academic,A,Female,Very Interested,Rural,49,3540000,79.83,TRUE,0
Academic,B,Female,Less Interested,Urban,58,3160000,89.06,TRUE,0
Vocational,A,Female,Very Interested,Urban,53,5700000,83.64,FALSE,1
Academic,B,Male,Uncertain,Rural,52,6660000,90.29,TRUE,1
Vocational,A,Male,Uncertain,Rural,50,5040000,84.67,FALSE,0
Academic,A,Female,Uncertain,Urban,58,3180000,85.22,FALSE,0
Academic,B,Female,Uncertain,Rural,51,5540000,94.04,TRUE,1
Academic,B,Female,Less Interested,Urban,54,5460000,80.79,FALSE,0
Vocational,A,Female,Very Interested,Urban,56,5400000,88.39,FALSE,1
Vocational,B,Female,Less Interested,Rural,52,7530000,91.3,TRUE,1
Vocational,A,Male,Very Interested,Urban,50,6840000,83.59,FALSE,0
Academic,A,Female,Less Interested,Urban,52,4830000,86.99,FALSE,1
Academic,A,Female,Less Interested,Urban,60,3460000,81.33,FALSE,0
Vocational,B,Male,Very Interested,Rural,48,7120000,83.35,TRUE,0
Academic,A,Female,Very Interested,Urban,59,3680000,84.04,FALSE,0
Vocational,B,Male,Uncertain,Rural,52,6750000,87.78,TRUE,0
Academic,B,Female,Less Interested,Urban,54,4060000,85.54,FALSE,0
Academic,A,Male,Not Interested,Rural,53,2740000,84.9,TRUE,0
Academic,A,Male,Not Interested,Urban,56,4670000,82.75,FALSE,1
Academic,A,Male,Very Interested,Urban,54,6670000,88.52,FALSE,1
Academic,A,Male,Not Interested,Rural,51,3800000,85.12,TRUE,0
Academic,A,Female,Very Interested,Urban,52,7260000,89.05,FALSE,1
Academic,A,Male,Uncertain,Urban,54,4910000,82.12,FALSE,1
Vocational,B,Male,Not Interested,Rural,55,3360000,85.62,TRUE,0
Academic,B,Female,Less Interested,Urban,53,5890000,83.86,FALSE,0
Academic,B,Male,Interested,Urban,60,4320000,87.15,FALSE,0
Academic,A,Female,Less Interested,Urban,51,5720000,84.66,FALSE,1
Academic,A,Male,Very Interested,Urban,51,6020000,84.94,FALSE,0
Vocational,A,Male,Very Interested,Rural,47,7430000,85.62,FALSE,0
Academic,A,Female,Very Interested,Urban,54,6900000,91.29,FALSE,1
Vocational,A,Female,Uncertain,Rural,53,5260000,86.05,FALSE,0
Academic,B,Female,Less Interested,Urban,54,7750000,89.02,FALSE,1
Vocational,B,Male,Not Interested,Rural,50,6540000,87.62,TRUE,0
Academic,A,Female,Less Interested,Urban,60,3670000,88.3,FALSE,0
Academic,A,Female,Very Interested,Urban,54,4590000,81.34,FALSE,0
Academic,A,Male,Very Interested,Rural,48,5210000,81.35,TRUE,0
Vocational,A,Male,Interested,Urban,61,5400000,88.43,FALSE,0
Vocational,B,Female,Very Interested,Rural,51,6180000,83.96,TRUE,0
Academic,A,Male,Very Interested,Urban,51,5440000,88.79,FALSE,1
Academic,A,Female,Interested,Urban,44,5420000,81.71,FALSE,0
Academic,A,Female,Interested,Urban,49,7450000,83.55,FALSE,1
Academic,B,Male,Interested,Urban,56,4030000,83.68,FALSE,0
Academic,B,Male,Uncertain,Rural,52,5900000,87.68,TRUE,1
Academic,A,Female,Very Interested,Urban,52,7950000,86.17,FALSE,1
Vocational,A,Male,Uncertain,Rural,49,5930000,84.87,TRUE,0
Academic,B,Male,Not Interested,Rural,50,6050000,85.46,TRUE,1
Academic,A,Male,Very Interested,Rural,55,7780000,89.5,FALSE,1
Vocational,B,Male,Very Interested,Urban,57,4330000,82.95,TRUE,0
Academic,B,Female,Less Interested,Urban,49,3860000,85.07,TRUE,0
Vocational,B,Female,Uncertain,Rural,56,4750000,84.93,TRUE,0
Academic,A,Male,Uncertain,Urban,59,5300000,86.85,FALSE,1
Academic,B,Female,Uncertain,Rural,55,7450000,93.78,TRUE,1
Academic,B,Male,Less Interested,Urban,54,7130000,86.85,TRUE,1
Vocational,B,Female,Not Interested,Urban,52,5080000,80.34,FALSE,1
Vocational,B,Male,Very Interested,Urban,55,5050000,84.06,FALSE,1
Vocational,B,Male,Not Interested,Rural,45,6580000,83.02,TRUE,0
Vocational,A,Female,Less Interested,Urban,53,5950000,85.41,TRUE,1
Academic,B,Male,Uncertain,Urban,57,5360000,86.79,TRUE,1
Vocational,B,Female,Interested,Urban,59,5360000,87.23,FALSE,1
Academic,B,Male,Very Interested,Rural,52,5670000,85.57,FALSE,0
Academic,B,Male,Very Interested,Rural,52,7410000,89.39,TRUE,1
Academic,B,Female,Very Interested,Rural,52,5240000,91.65,TRUE,1
Academic,A,Male,Interested,Urban,54,3940000,88.07,FALSE,1
Academic,A,Male,Uncertain,Rural,51,8100000,86.33,FALSE,1
Academic,B,Female,Very Interested,Rural,49,7670000,90.52,TRUE,1
Vocational,B,Female,Uncertain,Rural,43,6820000,86.44,TRUE,0
Vocational,A,Female,Very Interested,Urban,50,5310000,84.31,FALSE,0
Vocational,B,Female,Uncertain,Rural,53,3540000,86,TRUE,0
Vocational,A,Female,Very Interested,Urban,52,5520000,84.59,FALSE,1
Academic,A,Male,Uncertain,Rural,52,7510000,87.24,FALSE,1
Academic,B,Female,Uncertain,Rural,53,6410000,92.66,TRUE,1
Academic,B,Female,Uncertain,Rural,50,7620000,90.52,TRUE,1
Academic,A,Male,Very Interested,Urban,49,4210000,81.59,TRUE,0
Academic,A,Female,Very Interested,Urban,54,7790000,84.72,FALSE,1
Vocational,A,Male,Very Interested,Urban,52,5330000,83.34,FALSE,1
Vocational,A,Male,Uncertain,Urban,53,6210000,86.59,FALSE,0
Academic,A,Male,Very Interested,Rural,46,4900000,82.62,TRUE,0
Academic,A,Male,Less Interested,Rural,51,4650000,84.06,TRUE,0
Academic,A,Male,Less Interested,Rural,52,6630000,85.3,FALSE,0
Vocational,A,Male,Very Interested,Urban,52,6270000,84.34,FALSE,0
Academic,A,Male,Interested,Urban,56,5400000,83.17,FALSE,1
Vocational,B,Female,Not Interested,Rural,49,6700000,88.44,TRUE,1
Academic,A,Female,Very Interested,Urban,53,4470000,86.66,FALSE,1
Vocational,B,Male,Very Interested,Rural,48,6440000,83.05,TRUE,0
Academic,B,Male,Interested,Urban,52,4310000,87.21,FALSE,0
Academic,B,Male,Less Interested,Urban,57,5080000,83.57,FALSE,0
Vocational,A,Female,Not Interested,Rural,48,5840000,85.97,TRUE,0
Academic,B,Male,Very Interested,Urban,50,4780000,92.31,FALSE,1
Academic,B,Male,Less Interested,Urban,53,3520000,93.72,TRUE,1
Academic,B,Female,Less Interested,Urban,56,3540000,86.28,FALSE,0
Academic,A,Female,Less Interested,Urban,58,4480000,86.43,FALSE,0
Vocational,B,Female,Not Interested,Rural,50,5520000,86.74,TRUE,0
Academic,A,Male,Interested,Urban,52,3340000,81.99,FALSE,0
Academic,A,Male,Very Interested,Rural,50,4740000,84.02,TRUE,0
Vocational,A,Female,Uncertain,Urban,59,3340000,83.04,FALSE,0
Academic,A,Male,Very Interested,Urban,54,5270000,85.47,FALSE,0
Academic,B,Male,Very Interested,Urban,50,6710000,89.82,TRUE,1
Academic,B,Female,Less Interested,Urban,56,3780000,78.94,FALSE,0
Vocational,A,Male,Interested,Urban,57,6170000,92.25,FALSE,1
Academic,B,Female,Interested,Rural,44,5180000,83.52,TRUE,0
Academic,B,Female,Less Interested,Urban,47,3950000,82.67,TRUE,0
Academic,A,Female,Less Interested,Urban,53,4900000,90.21,FALSE,1
Academic,A,Male,Less Interested,Rural,49,5420000,83.59,TRUE,0
Academic,B,Male,Uncertain,Rural,54,2590000,95.94,TRUE,1
Academic,A,Male,Very Interested,Urban,52,4160000,86.14,FALSE,1
Academic,A,Male,Very Interested,Rural,54,5900000,86.64,FALSE,0
Vocational,A,Female,Very Interested,Rural,49,6710000,86.82,TRUE,1
Vocational,B,Male,Uncertain,Rural,46,5240000,84.53,TRUE,0
Academic,B,Male,Less Interested,Rural,47,6690000,84.3,TRUE,0
Academic,A,Female,Very Interested,Rural,52,3490000,92.8,TRUE,1
Vocational,A,Female,Very Interested,Urban,53,6150000,85.46,FALSE,1
Academic,B,Female,Very Interested,Urban,52,7330000,87.5,FALSE,1
Academic,B,Male,Uncertain,Urban,53,6700000,89.67,TRUE,1
Academic,B,Male,Not Interested,Rural,48,3320000,83.63,TRUE,0
Academic,B,Female,Uncertain,Rural,49,6740000,87,TRUE,1
Vocational,B,Male,Uncertain,Rural,45,7390000,85.24,TRUE,1
Academic,B,Male,Uncertain,Rural,49,6460000,92.05,TRUE,1
Vocational,B,Female,Very Interested,Urban,56,4490000,81.34,FALSE,0
Academic,A,Male,Less Interested,Rural,51,6340000,83.96,FALSE,0
Academic,A,Male,Less Interested,Urban,55,3390000,90.28,FALSE,1
Academic,B,Female,Less Interested,Urban,53,2940000,85.82,FALSE,0
Academic,A,Female,Very Interested,Rural,47,2990000,82.29,FALSE,0
Vocational,B,Male,Not Interested,Rural,53,4060000,84,TRUE,0
Academic,B,Female,Uncertain,Rural,50,7000000,89.66,TRUE,1
Academic,A,Male,Uncertain,Rural,52,5940000,85.34,TRUE,1
Vocational,A,Male,Not Interested,Rural,53,7460000,90.95,TRUE,1
Vocational,B,Male,Uncertain,Rural,55,4280000,85.42,TRUE,0
Academic,B,Male,Very Interested,Urban,52,4390000,91.4,TRUE,1
Vocational,B,Female,Uncertain,Rural,50,4930000,91.88,TRUE,1
Academic,B,Male,Less Interested,Urban,49,4380000,82.47,TRUE,0
Academic,B,Female,Very Interested,Rural,49,7460000,87.39,FALSE,1
Academic,B,Male,Less Interested,Urban,54,4630000,84.99,TRUE,0
Academic,A,Female,Less Interested,Urban,52,4450000,81.83,FALSE,0
Academic,A,Male,Less Interested,Urban,55,5690000,85.89,FALSE,1
Academic,B,Female,Uncertain,Rural,54,8010000,90.43,TRUE,1
Vocational,B,Male,Very Interested,Rural,51,6370000,89.31,TRUE,1
Academic,A,Male,Less Interested,Urban,54,4920000,88.31,FALSE,1
Academic,A,Male,Very Interested,Urban,55,6140000,87.19,FALSE,1
Vocational,A,Female,Uncertain,Rural,53,6400000,88.57,TRUE,1
Academic,B,Female,Less Interested,Urban,59,5210000,87,TRUE,1
Vocational,A,Female,Uncertain,Urban,58,2830000,75,FALSE,1
Academic,B,Female,Uncertain,Urban,50,3570000,91.15,TRUE,1
Academic,A,Male,Less Interested,Urban,53,3130000,81.2,FALSE,0
Academic,A,Male,Very Interested,Urban,53,7590000,88.84,FALSE,1
Vocational,B,Female,Interested,Urban,54,3580000,85.99,FALSE,0
Vocational,B,Female,Not Interested,Rural,50,6140000,86.19,TRUE,0
Academic,B,Female,Less Interested,Rural,52,4720000,83.01,TRUE,0
Vocational,B,Female,Very Interested,Rural,49,7170000,87.19,TRUE,1
Academic,B,Female,Very Interested,Urban,49,6910000,87.47,FALSE,1
Vocational,A,Male,Uncertain,Urban,53,5650000,86.74,FALSE,0
Academic,B,Female,Not Interested,Rural,44,7790000,85.73,TRUE,1
Academic,A,Male,Less Interested,Urban,65,4360000,86.55,FALSE,0
Vocational,B,Male,Less Interested,Rural,51,6710000,84.86,TRUE,1
Vocational,B,Female,Uncertain,Rural,51,5770000,86.01,TRUE,0
Academic,B,Male,Very Interested,Rural,54,4170000,95.23,TRUE,1
Academic,A,Male,Uncertain,Rural,53,4840000,83.28,TRUE,0
Vocational,A,Male,Uncertain,Rural,53,5400000,86.03,FALSE,0
Academic,A,Male,Less Interested,Urban,54,6240000,82.63,FALSE,1
Vocational,A,Male,Not Interested,Rural,54,5760000,90.97,TRUE,0
Academic,A,Female,Less Interested,Urban,53,4630000,85.19,FALSE,0
Vocational,A,Male,Less Interested,Rural,51,7320000,87.02,FALSE,1
Academic,B,Male,Very Interested,Urban,52,6160000,86.57,TRUE,1
Vocational,B,Female,Not Interested,Rural,53,4720000,84.71,TRUE,0
Academic,B,Female,Uncertain,Urban,52,6110000,84.44,TRUE,1
Vocational,A,Female,Uncertain,Urban,55,4250000,78.83,FALSE,1
Vocational,A,Female,Uncertain,Rural,54,4900000,86.47,TRUE,0
Academic,B,Male,Uncertain,Urban,55,5050000,83.36,FALSE,1
Vocational,B,Male,Uncertain,Rural,53,5960000,92.85,TRUE,1
Academic,A,Female,Very Interested,Rural,50,7030000,86.54,TRUE,1
Vocational,B,Female,Interested,Urban,48,5780000,84.21,TRUE,0
Vocational,B,Female,Very Interested,Urban,56,4210000,80.56,FALSE,1
Academic,A,Male,Less Interested,Urban,53,6550000,84.39,FALSE,1
Vocational,B,Male,Very Interested,Rural,50,5870000,85.51,TRUE,0
Vocational,A,Female,Very Interested,Rural,49,7010000,84.9,TRUE,0
Academic,B,Female,Not Interested,Rural,50,4920000,82.93,TRUE,1
Vocational,B,Female,Interested,Urban,53,4010000,85.31,TRUE,0
Academic,A,Female,Uncertain,Rural,49,2570000,83.07,TRUE,0
Vocational,A,Male,Very Interested,Urban,53,6010000,84.68,FALSE,0
Vocational,B,Male,Very Interested,Urban,54,5790000,85.89,TRUE,1
Academic,B,Female,Uncertain,Rural,51,6470000,92.25,TRUE,1
Vocational,A,Male,Very Interested,Urban,54,5020000,83.05,FALSE,1
Academic,B,Female,Not Interested,Urban,54,5150000,81.05,TRUE,1
Academic,B,Female,Uncertain,Rural,51,7050000,91.49,TRUE,1
Academic,B,Female,Interested,Urban,47,4070000,80.99,TRUE,0
Academic,A,Male,Interested,Urban,57,4130000,85.23,FALSE,0
Academic,B,Male,Very Interested,Rural,47,5140000,86.29,TRUE,0
Academic,B,Female,Less Interested,Rural,50,4490000,85.95,TRUE,0
Vocational,B,Female,Less Interested,Rural,45,7420000,88.58,TRUE,1
Academic,A,Female,Less Interested,Rural,50,7580000,86.8,FALSE,0
Vocational,A,Male,Very Interested,Rural,42,7530000,84.76,FALSE,0
Vocational,B,Female,Uncertain,Rural,51,5510000,83.9,TRUE,0
Academic,A,Male,Uncertain,Urban,49,7330000,83.64,FALSE,1
Academic,A,Male,Very Interested,Urban,54,6190000,89.27,FALSE,1
Vocational,A,Male,Very Interested,Urban,53,6320000,86.19,TRUE,1
Academic,A,Male,Less Interested,Urban,54,5550000,88.71,FALSE,1
Academic,A,Female,Very Interested,Urban,56,5240000,91,FALSE,1
Vocational,B,Male,Less Interested,Rural,52,4230000,84.6,TRUE,0
Vocational,A,Male,Less Interested,Urban,60,5070000,85.97,FALSE,1
Vocational,B,Male,Very Interested,Rural,52,6640000,87.7,TRUE,1
Academic,B,Female,Uncertain,Rural,52,6010000,92.03,TRUE,1
Vocational,A,Female,Uncertain,Urban,55,4190000,81.77,FALSE,1
Vocational,B,Female,Interested,Urban,52,4960000,82.5,TRUE,0
Vocational,A,Male,Interested,Urban,59,3630000,82.44,FALSE,0
Academic,A,Female,Less Interested,Rural,49,7390000,84.66,FALSE,0
Academic,B,Female,Uncertain,Rural,50,5640000,92.45,TRUE,1
Academic,A,Male,Less Interested,Urban,55,5180000,88.02,FALSE,0
Vocational,A,Male,Very Interested,Urban,56,3350000,93.45,TRUE,1
Academic,B,Female,Uncertain,Rural,45,6270000,89.08,TRUE,1
Academic,A,Male,Uncertain,Urban,51,7650000,87.03,FALSE,1
Vocational,B,Male,Uncertain,Rural,52,6120000,84.55,TRUE,0
Academic,A,Female,Less Interested,Urban,56,5330000,88.85,FALSE,1
Vocational,B,Male,Not Interested,Rural,49,4960000,85.37,TRUE,0
Vocational,A,Male,Less Interested,Rural,47,8930000,89.86,TRUE,1
Academic,B,Male,Interested,Urban,54,3940000,84.12,FALSE,0
Academic,B,Male,Uncertain,Rural,52,6660000,90.19,TRUE,1
Vocational,A,Female,Uncertain,Rural,56,5850000,88.16,FALSE,1
Academic,B,Female,Less Interested,Urban,56,5760000,85.93,FALSE,1
Academic,B,Female,Not Interested,Urban,57,4760000,85.13,FALSE,1
Academic,B,Male,Very Interested,Rural,52,3210000,89.02,TRUE,0
Academic,A,Female,Very Interested,Urban,52,6290000,85.61,FALSE,1
Vocational,A,Male,Uncertain,Urban,55,5410000,83.48,FALSE,1
Vocational,B,Male,Very Interested,Urban,55,4250000,81.93,FALSE,0
Academic,B,Male,Not Interested,Rural,49,5340000,94.06,TRUE,1
Academic,B,Female,Very Interested,Rural,50,5950000,83.64,TRUE,1
Academic,A,Male,Interested,Urban,55,5120000,87.08,FALSE,1
Vocational,B,Female,Uncertain,Rural,44,6240000,83.2,TRUE,0
Vocational,A,Female,Very Interested,Urban,53,5470000,82.55,FALSE,1
Academic,A,Male,Interested,Urban,60,5830000,80.4,FALSE,0
Academic,A,Male,Interested,Urban,54,6500000,82.37,FALSE,0
Vocational,A,Male,Interested,Rural,45,7370000,86.31,TRUE,1
Academic,B,Male,Very Interested,Urban,53,6280000,85.02,TRUE,1
Academic,B,Female,Very Interested,Rural,50,7500000,88.13,TRUE,1
Academic,A,Male,Less Interested,Rural,49,6770000,83.7,FALSE,0
Vocational,B,Female,Interested,Urban,53,4060000,88.07,FALSE,0
Academic,B,Male,Very Interested,Urban,53,6690000,86.77,FALSE,1
Academic,B,Male,Less Interested,Urban,53,3930000,84.01,TRUE,0
Academic,A,Female,Less Interested,Urban,58,4990000,81.6,FALSE,0
Vocational,A,Female,Uncertain,Rural,50,6230000,82.26,TRUE,1
Academic,A,Male,Very Interested,Urban,54,6360000,87.66,TRUE,1
Academic,A,Female,Less Interested,Urban,62,5220000,84.32,FALSE,0
Vocational,A,Male,Uncertain,Urban,52,4210000,83.8,FALSE,0
Academic,B,Female,Very Interested,Rural,49,6280000,89.97,TRUE,1
Vocational,B,Male,Uncertain,Rural,54,4870000,84.42,FALSE,0
Academic,A,Female,Very Interested,Urban,55,5520000,92.89,FALSE,1
Academic,B,Female,Very Interested,Urban,51,3620000,91.98,TRUE,1
Academic,B,Female,Interested,Urban,44,5900000,82.69,TRUE,0
Vocational,A,Female,Very Interested,Urban,53,5750000,83.53,FALSE,1
Academic,A,Female,Very Interested,Urban,54,5750000,84.85,FALSE,0
Vocational,A,Female,Interested,Rural,51,7210000,89.11,TRUE,1
Academic,B,Male,Interested,Urban,54,3710000,85.09,FALSE,0
Vocational,B,Female,Not Interested,Rural,54,3720000,84.64,TRUE,0
Vocational,B,Male,Very Interested,Rural,51,4870000,81.69,TRUE,0
Academic,A,Female,Less Interested,Urban,53,5910000,87.67,FALSE,1
Vocational,B,Female,Not Interested,Rural,49,4910000,84.64,TRUE,0
Academic,B,Female,Less Interested,Urban,58,3650000,84.14,FALSE,0
Vocational,A,Female,Uncertain,Urban,54,4210000,91.73,TRUE,1
Academic,B,Female,Very Interested,Urban,49,2560000,82.51,TRUE,0
Vocational,B,Female,Uncertain,Urban,60,4350000,83.06,FALSE,0
Vocational,A,Male,Uncertain,Rural,56,5320000,86.64,TRUE,0
Academic,A,Female,Less Interested,Urban,52,4510000,87.48,FALSE,1
Vocational,A,Female,Less Interested,Rural,54,5990000,89.36,FALSE,1
Academic,A,Male,Less Interested,Urban,54,4410000,83.68,FALSE,0
Vocational,B,Female,Not Interested,Rural,45,6330000,83.55,TRUE,0
Vocational,A,Female,Very Interested,Rural,45,8370000,92.24,TRUE,1
Academic,A,Female,Very Interested,Urban,55,5480000,91.84,FALSE,1
Vocational,B,Male,Uncertain,Rural,52,6240000,87.08,TRUE,1
Academic,B,Male,Very Interested,Rural,53,4090000,84.53,TRUE,0
Vocational,B,Male,Not Interested,Rural,48,5930000,85.86,TRUE,0
Vocational,A,Male,Uncertain,Urban,55,4970000,85.76,FALSE,0
Academic,B,Male,Very Interested,Urban,53,5330000,89.49,FALSE,1
Vocational,B,Male,Very Interested,Rural,49,6920000,87.04,TRUE,1
Vocational,A,Male,Uncertain,Rural,51,6830000,86.56,FALSE,0
Vocational,B,Female,Uncertain,Urban,49,6660000,84.06,TRUE,1
Academic,A,Female,Very Interested,Urban,52,6600000,88.36,FALSE,1
Vocational,B,Female,Uncertain,Rural,51,6950000,86.85,TRUE,0
Academic,B,Male,Very Interested,Urban,54,6420000,84.69,FALSE,1
Academic,A,Female,Uncertain,Urban,58,3840000,83.59,FALSE,0
Vocational,A,Female,Very Interested,Urban,53,4220000,80.29,FALSE,0
Academic,B,Male,Uncertain,Rural,48,5130000,92.55,TRUE,1
Academic,A,Female,Very Interested,Urban,51,8770000,84.75,FALSE,1
Vocational,A,Male,Not Interested,Rural,51,8550000,85.36,FALSE,1
Vocational,A,Female,Very Interested,Urban,60,2310000,75.62,FALSE,1
Academic,B,Male,Uncertain,Rural,51,6330000,84.5,TRUE,1
Vocational,A,Male,Very Interested,Urban,53,4950000,82.74,FALSE,1
Academic,B,Female,Less Interested,Urban,55,3020000,84.86,TRUE,0
Academic,B,Female,Very Interested,Rural,51,4020000,83.63,TRUE,0
Vocational,A,Female,Uncertain,Rural,53,4190000,84.57,FALSE,0
Vocational,A,Male,Interested,Urban,61,5170000,81.97,FALSE,0
Academic,A,Male,Uncertain,Urban,53,7860000,87.09,FALSE,1
Vocational,A,Male,Uncertain,Rural,52,5660000,84.54,FALSE,0
Vocational,B,Male,Not Interested,Rural,50,5610000,87.6,TRUE,0
Academic,B,Female,Very Interested,Urban,53,7980000,87.5,FALSE,1
Vocational,B,Female,Less Interested,Rural,50,5610000,81.07,TRUE,0
Vocational,B,Female,Very Interested,Rural,50,6960000,86.47,TRUE,1
Academic,A,Male,Uncertain,Rural,55,6960000,94.05,TRUE,1
Vocational,A,Male,Very Interested,Urban,55,5930000,83.7,FALSE,1
Academic,B,Male,Less Interested,Urban,52,4630000,81.45,TRUE,0
Academic,A,Male,Uncertain,Urban,52,4370000,91.38,TRUE,1
Academic,B,Male,Not Interested,Rural,51,6020000,87.63,TRUE,1
Academic,A,Female,Very Interested,Urban,55,4490000,89.42,FALSE,1
Academic,B,Female,Very Interested,Rural,54,4320000,83.17,TRUE,0
Academic,B,Female,Interested,Urban,56,3250000,83.94,FALSE,0
Academic,B,Male,Uncertain,Rural,57,5780000,88.61,TRUE,1
Academic,B,Male,Less Interested,Rural,48,5050000,81.41,TRUE,0
Vocational,B,Male,Interested,Urban,51,4180000,82.62,FALSE,0
Vocational,A,Male,Uncertain,Rural,55,6060000,90.41,TRUE,1
Vocational,B,Male,Very Interested,Urban,56,5580000,86.57,FALSE,1
Academic,B,Male,Uncertain,Rural,47,6530000,90.77,TRUE,1
Academic,A,Male,Less Interested,Urban,52,6430000,82.06,FALSE,0
Academic,A,Male,Very Interested,Urban,53,4430000,84.76,FALSE,0
Academic,B,Male,Very Interested,Urban,57,5430000,85.5,TRUE,1
Academic,B,Male,Interested,Urban,51,5960000,82.41,FALSE,0
Vocational,A,Female,Uncertain,Urban,55,5060000,85.34,FALSE,1
Vocational,A,Male,Less Interested,Urban,56,4800000,84.59,FALSE,1
Academic,A,Male,Less Interested,Urban,55,6660000,84.26,FALSE,0
Academic,B,Female,Very Interested,Urban,56,3530000,83.82,TRUE,0
Academic,A,Female,Less Interested,Urban,51,4650000,81.18,FALSE,0
Academic,B,Male,Uncertain,Rural,52,3330000,97,TRUE,1
Vocational,B,Female,Very Interested,Rural,50,5430000,81.08,TRUE,1
Vocational,A,Female,Uncertain,Urban,54,4760000,80.18,FALSE,1
Academic,A,Male,Less Interested,Rural,54,3540000,85.13,TRUE,0
Academic,A,Female,Very Interested,Urban,54,3060000,81.65,FALSE,0
Academic,B,Male,Interested,Urban,54,3900000,84.7,FALSE,0
Academic,B,Male,Uncertain,Urban,60,2650000,86.61,TRUE,0
Academic,A,Female,Very Interested,Urban,52,3420000,86.56,FALSE,0
Academic,B,Male,Very Interested,Urban,52,2000000,84.03,TRUE,0
Vocational,A,Male,Very Interested,Rural,52,5150000,84.49,FALSE,1
Vocational,B,Female,Uncertain,Rural,50,4410000,82.89,TRUE,0
Academic,B,Female,Less Interested,Urban,52,2460000,82.27,FALSE,0
Academic,A,Female,Less Interested,Urban,55,5030000,87.12,FALSE,1
Vocational,B,Male,Uncertain,Rural,55,4810000,93.87,TRUE,1
Vocational,A,Male,Not Interested,Rural,49,4070000,84.15,TRUE,0
Academic,A,Male,Less Interested,Urban,55,5640000,82.91,FALSE,0
Academic,A,Female,Uncertain,Urban,52,5360000,88.84,TRUE,1
Vocational,B,Male,Very Interested,Rural,51,4660000,80.42,TRUE,0
Academic,B,Female,Very Interested,Rural,45,3090000,81.73,TRUE,0
Vocational,A,Male,Interested,Urban,56,5760000,86.68,FALSE,1
Academic,A,Female,Very Interested,Urban,57,6570000,87.87,FALSE,0
Vocational,A,Male,Very Interested,Rural,50,5700000,83.35,FALSE,0
Academic,B,Female,Uncertain,Rural,50,7090000,89.82,TRUE,1
Vocational,A,Female,Uncertain,Urban,52,4180000,79.11,FALSE,1
Vocational,B,Female,Not Interested,Rural,51,6630000,90.62,TRUE,1
Academic,B,Male,Uncertain,Urban,53,5920000,87.52,TRUE,1
Academic,B,Male,Very Interested,Rural,55,8260000,88.25,TRUE,1
Vocational,A,Female,Very Interested,Urban,57,4560000,83.55,FALSE,1
Academic,B,Male,Uncertain,Urban,51,5120000,91.73,FALSE,1
Academic,B,Male,Less Interested,Urban,53,1000000,90.28,FALSE,1
Academic,B,Male,Very Interested,Urban,53,5700000,89.1,TRUE,1
Vocational,B,Male,Uncertain,Rural,47,5120000,82.1,TRUE,0
Academic,B,Male,Very Interested,Urban,56,3850000,82.33,TRUE,0
Academic,A,Female,Very Interested,Urban,51,6540000,85.98,FALSE,1
Academic,A,Female,Less Interested,Urban,57,4850000,86.85,FALSE,1
Academic,A,Female,Less Interested,Rural,52,5110000,84.5,TRUE,0
Academic,B,Male,Not Interested,Urban,52,5180000,81.06,TRUE,1
Academic,A,Male,Very Interested,Urban,51,5510000,85.52,FALSE,0
Vocational,A,Female,Very Interested,Rural,49,6370000,85.3,TRUE,1
Vocational,B,Male,Uncertain,Rural,48,6900000,85.14,TRUE,0
Academic,A,Male,Interested,Urban,57,4470000,87.19,FALSE,0
Vocational,A,Female,Less Interested,Rural,53,6450000,87.66,TRUE,1
Academic,A,Female,Less Interested,Urban,61,3680000,80.63,FALSE,0
Vocational,B,Male,Not Interested,Rural,47,4690000,88.2,TRUE,0
Academic,A,Female,Less Interested,Urban,54,7470000,86.38,FALSE,1
Vocational,B,Male,Very Interested,Rural,49,6000000,84.58,TRUE,0
Academic,A,Female,Less Interested,Urban,54,6500000,89.59,FALSE,1
Academic,B,Female,Very Interested,Rural,51,6910000,86.87,TRUE,1
Academic,B,Female,Less Interested,Urban,53,3770000,85.27,TRUE,0
Academic,B,Male,Very Interested,Rural,53,5000000,84.54,TRUE,0
Academic,B,Female,Less Interested,Urban,52,3270000,85.16,FALSE,0
Vocational,A,Female,Very Interested,Rural,49,7420000,85.99,TRUE,1
Academic,B,Female,Less Interested,Rural,51,7480000,89.72,TRUE,1
Vocational,A,Male,Less Interested,Urban,49,5550000,79.56,FALSE,1
Academic,B,Male,Uncertain,Rural,53,5840000,87.18,TRUE,1
Academic,B,Male,Interested,Urban,50,2940000,86.13,TRUE,0
